<?xml version="1.0" encoding="UTF-8"?>
<project-private xmlns="http://www.netbeans.org/ns/project-private/1">
    <editor-bookmarks xmlns="http://www.netbeans.org/ns/editor-bookmarks/2" lastBookmarkId="0"/>
    <open-files xmlns="http://www.netbeans.org/ns/projectui-open-files/2">
        <group>
            <file>file:/C:/Users/840G3/Downloads/PRO/Workshop06/Workshop06/src/workshop06/Menu.java</file>
            <file>file:/C:/Users/840G3/Downloads/PRO/Workshop06/Workshop06/src/workshop06/Inputter.java</file>
            <file>file:/C:/Users/840G3/Downloads/PRO/Workshop06/Workshop06/src/workshop06/Student.java</file>
            <file>file:/C:/Users/840G3/Downloads/PRO/Workshop06/Workshop06/src/workshop06/StudentManager.java</file>
        </group>
    </open-files>
</project-private>
