<?xml version="1.0" encoding="UTF-8"?>
<project-private xmlns="http://www.netbeans.org/ns/project-private/1">
    <editor-bookmarks xmlns="http://www.netbeans.org/ns/editor-bookmarks/2" lastBookmarkId="0"/>
    <open-files xmlns="http://www.netbeans.org/ns/projectui-open-files/2">
        <group>
            <file>file:/C:/Users/840G3/Downloads/PRO/CDHouseProgram/HouseProgram/src/BLL/mytool.java</file>
            <file>file:/C:/Users/840G3/Downloads/PRO/CDHouseProgram/HouseProgram/src/houseprogram/HouseProgram.java</file>
            <file>file:/C:/Users/840G3/Downloads/PRO/CDHouseProgram/HouseProgram/src/DTO/CDs.java</file>
            <file>file:/C:/Users/840G3/Downloads/PRO/CDHouseProgram/HouseProgram/src/BLL/check.java</file>
            <file>file:/C:/Users/840G3/Downloads/PRO/CDHouseProgram/HouseProgram/src/DTO/DataTransfer.java</file>
            <file>file:/C:/Users/840G3/Downloads/PRO/CDHouseProgram/HouseProgram/src/DAL/FileManagement.java</file>
        </group>
    </open-files>
</project-private>
