<?xml version="1.0" encoding="UTF-8"?>
<project-private xmlns="http://www.netbeans.org/ns/project-private/1">
    <editor-bookmarks xmlns="http://www.netbeans.org/ns/editor-bookmarks/2" lastBookmarkId="0"/>
    <open-files xmlns="http://www.netbeans.org/ns/projectui-open-files/2">
        <group>
            <file>file:/C:/Users/ADMIN/OneDrive/Documents/PRO/Workshop2/Workshop2/src/MenuWS2/MenuWS2.java</file>
            <file>file:/C:/Users/ADMIN/OneDrive/Documents/PRO/Workshop2/Workshop2/src/Part2/Part2.java</file>
            <file>file:/C:/Users/ADMIN/OneDrive/Documents/PRO/Workshop2/Workshop2/src/part1/Part1.java</file>
        </group>
    </open-files>
</project-private>
